-- INSERTS

INSERT INTO tienda(codigo,ciudad) VALUES (1,'Getafe');
INSERT INTO tienda(codigo,ciudad) VALUES (2,'Madrid');
INSERT INTO tienda(codigo,ciudad) VALUES (3,'Getafe');
INSERT INTO tienda(codigo,ciudad) VALUES (4,'Torrejon');
INSERT INTO tienda(codigo,ciudad) VALUES (5,'Alcala de Henares');
INSERT INTO tienda(codigo,ciudad) VALUES (6,'Torrejon');
INSERT INTO tienda(codigo,ciudad) VALUES (7,'Alcala de Henares');
INSERT INTO tienda(codigo,ciudad) VALUES (8,'Alcala de Henares');
INSERT INTO tienda(codigo,ciudad) VALUES (9,'Madrid');
INSERT INTO tienda(codigo,ciudad) VALUES (10,'Getafe');

insert into iva (porcentaje, tipo) values (0.21, 'G');
insert into iva (porcentaje, tipo) values (0.1, 'R');
insert into iva (porcentaje, tipo) values (0.04, 'S');


insert into producto (codigobarras, nombre, preciosiniva, stock, porcentaje_iva) values (1, 'Quinoa', '33.56€', 333, 0.04);
insert into producto (codigobarras, nombre, preciosiniva, stock, porcentaje_iva) values (2, 'Pastry - Cherry Danish - Mini', '57.21€', 557, 0.04);
insert into producto (codigobarras, nombre, preciosiniva, stock, porcentaje_iva) values (3, 'Strawberries', '9.61€', 475, 0.04);
insert into producto (codigobarras, nombre, preciosiniva, stock, porcentaje_iva) values (4, 'Toothpick Frilled', '41.66€', 258, 0.04);
insert into producto (codigobarras, nombre, preciosiniva, stock, porcentaje_iva) values (5, 'Red Currant Jelly', '66.25€', 776, 0.1);
insert into producto (codigobarras, nombre, preciosiniva, stock, porcentaje_iva) values (6, 'Chips - Doritos', '75.76€', 869, 0.04);
insert into producto (codigobarras, nombre, preciosiniva, stock, porcentaje_iva) values (7, 'Ginger - Ground', '40.80€', 681, 0.04);
insert into producto (codigobarras, nombre, preciosiniva, stock, porcentaje_iva) values (8, 'Wine - George Duboeuf Rose', '65.95€', 177, 0.04);
insert into producto (codigobarras, nombre, preciosiniva, stock, porcentaje_iva) values (9, 'Beans - Black Bean, Dry', '10.68€', 402, 0.21);
insert into producto (codigobarras, nombre, preciosiniva, stock, porcentaje_iva) values (10, 'Soup - Beef, Base Mix', '53.61€', 290, 0.21);
insert into producto (codigobarras, nombre, preciosiniva, stock, porcentaje_iva) values (11, 'Pepper - Green Thai', '84.06€', 419, 0.21);
insert into producto (codigobarras, nombre, preciosiniva, stock, porcentaje_iva) values (12, 'Spic And Span All Purpose', '29.39€', 876, 0.1);
insert into producto (codigobarras, nombre, preciosiniva, stock, porcentaje_iva) values (13, 'Dehydrated Kelp Kombo', '35.95€', 962, 0.21);
insert into producto (codigobarras, nombre, preciosiniva, stock, porcentaje_iva) values (14, 'Tomato - Tricolor Cherry', '20.86€', 743, 0.04);
insert into producto (codigobarras, nombre, preciosiniva, stock, porcentaje_iva) values (15, 'Lamb Shoulder Boneless Nz', '80.09€', 747, 0.04);
insert into producto (codigobarras, nombre, preciosiniva, stock, porcentaje_iva) values (16, 'Pepper - Green', '50.05€', 141, 0.21);
insert into producto (codigobarras, nombre, preciosiniva, stock, porcentaje_iva) values (17, 'Island Oasis - Banana Daiquiri', '57.56€', 427, 0.04);
insert into producto (codigobarras, nombre, preciosiniva, stock, porcentaje_iva) values (18, 'Bread Crumbs - Japanese Style', '20.81€', 746, 0.1);
insert into producto (codigobarras, nombre, preciosiniva, stock, porcentaje_iva) values (19, 'Beef - Sushi Flat Iron Steak', '20.36€', 364, 0.1);
insert into producto (codigobarras, nombre, preciosiniva, stock, porcentaje_iva) values (20, 'Arizona - Plum Green Tea', '59.58€', 529, 0.21);
insert into producto (codigobarras, nombre, preciosiniva, stock, porcentaje_iva) values (21, 'Wine - Ej Gallo Sierra Valley', '50.26€', 265, 0.04);
insert into producto (codigobarras, nombre, preciosiniva, stock, porcentaje_iva) values (22, 'Wine - Red, Marechal Foch', '93.98€', 773, 0.1);
insert into producto (codigobarras, nombre, preciosiniva, stock, porcentaje_iva) values (23, 'Bread - Rolls, Corn', '66.73€', 939, 0.1);
insert into producto (codigobarras, nombre, preciosiniva, stock, porcentaje_iva) values (24, 'Sauce - Oyster', '18.01€', 498, 0.1);
insert into producto (codigobarras, nombre, preciosiniva, stock, porcentaje_iva) values (25, 'Veal - Bones', '32.04€', 568, 0.1);
insert into producto (codigobarras, nombre, preciosiniva, stock, porcentaje_iva) values (26, 'Sole - Iqf', '7.81€', 107, 0.1);
insert into producto (codigobarras, nombre, preciosiniva, stock, porcentaje_iva) values (27, 'Soup - Verve - Chipotle Chicken', '67.26€', 177, 0.21);
insert into producto (codigobarras, nombre, preciosiniva, stock, porcentaje_iva) values (28, 'Ice Cream Bar - Oreo Cone', '13.87€', 761, 0.04);
insert into producto (codigobarras, nombre, preciosiniva, stock, porcentaje_iva) values (29, 'Chocolate - Dark Callets', '49.75€', 21, 0.21);
insert into producto (codigobarras, nombre, preciosiniva, stock, porcentaje_iva) values (30, 'Fish - Atlantic Salmon, Cold', '20.96€', 421, 0.1);
insert into producto (codigobarras, nombre, preciosiniva, stock, porcentaje_iva) values (31, 'Bag - Regular Kraft 20 Lb', '29.75€', 71, 0.21);
insert into producto (codigobarras, nombre, preciosiniva, stock, porcentaje_iva) values (32, 'Turnip - Wax', '82.47€', 922, 0.04);
insert into producto (codigobarras, nombre, preciosiniva, stock, porcentaje_iva) values (33, 'Table Cloth 53x69 White', '35.68€', 427, 0.04);
insert into producto (codigobarras, nombre, preciosiniva, stock, porcentaje_iva) values (34, 'Bag - Clear 7 Lb', '69.47€', 995, 0.04);
insert into producto (codigobarras, nombre, preciosiniva, stock, porcentaje_iva) values (35, 'Coriander - Seed', '35.49€', 364, 0.1);
insert into producto (codigobarras, nombre, preciosiniva, stock, porcentaje_iva) values (36, 'Seedlings - Buckwheat, Organic', '36.57€', 793, 0.21);
insert into producto (codigobarras, nombre, preciosiniva, stock, porcentaje_iva) values (37, 'Soup Bowl Clear 8oz92008', '72.83€', 506, 0.1);
insert into producto (codigobarras, nombre, preciosiniva, stock, porcentaje_iva) values (38, 'Pastry - Choclate Baked', '67.90€', 703, 0.1);
insert into producto (codigobarras, nombre, preciosiniva, stock, porcentaje_iva) values (39, 'Beef Tenderloin Aaa', '50.11€', 184, 0.1);
insert into producto (codigobarras, nombre, preciosiniva, stock, porcentaje_iva) values (40, 'Bread - Olive', '69.90€', 23, 0.1);
insert into producto (codigobarras, nombre, preciosiniva, stock, porcentaje_iva) values (41, 'Sauce - Apple, Unsweetened', '80.49€', 227, 0.21);
insert into producto (codigobarras, nombre, preciosiniva, stock, porcentaje_iva) values (42, 'Sultanas', '11.67€', 461, 0.04);
insert into producto (codigobarras, nombre, preciosiniva, stock, porcentaje_iva) values (43, 'Bread Foccacia Whole', '76.52€', 451, 0.1);
insert into producto (codigobarras, nombre, preciosiniva, stock, porcentaje_iva) values (44, 'Gingerale - Diet - Schweppes', '45.86€', 293, 0.1);
insert into producto (codigobarras, nombre, preciosiniva, stock, porcentaje_iva) values (45, 'Pate - Cognac', '55.60€', 118, 0.1);
insert into producto (codigobarras, nombre, preciosiniva, stock, porcentaje_iva) values (46, 'Pork - Tenderloin, Fresh', '86.12€', 428, 0.1);
insert into producto (codigobarras, nombre, preciosiniva, stock, porcentaje_iva) values (47, 'Lemons', '5.45€', 115, 0.21);
insert into producto (codigobarras, nombre, preciosiniva, stock, porcentaje_iva) values (48, 'Cinnamon Buns Sticky', '34.87€', 531, 0.04);
insert into producto (codigobarras, nombre, preciosiniva, stock, porcentaje_iva) values (49, 'Lady Fingers', '2.54€', 80, 0.1);
insert into producto (codigobarras, nombre, preciosiniva, stock, porcentaje_iva) values (50, 'Bagelers - Cinn / Brown', '95.91€', 521, 0.1);


insert into oferta (fechainicio, descuento, codigoBarras_producto) values ('2019-11-01 14:53:43', 0.4, 8);
insert into oferta (fechainicio, descuento, codigoBarras_producto) values ('2019-03-15 13:12:39', 0.3, 13);
insert into oferta (fechainicio, descuento, codigoBarras_producto) values ('2017-05-26 20:33:33', 0.5, 49);
insert into oferta (fechainicio, descuento, codigoBarras_producto) values ('2018-09-03 12:01:12', 0.5, 10);
insert into oferta (fechainicio, descuento, codigoBarras_producto) values ('2017-03-20 20:52:54', 0.2, 10);
insert into oferta (fechainicio, descuento, codigoBarras_producto) values ('2017-02-14 15:16:01', 0.3, 8);
insert into oferta (fechainicio, descuento, codigoBarras_producto) values ('2019-02-17 22:53:26', 0.5, 36);
insert into oferta (fechainicio, descuento, codigoBarras_producto) values ('2016-05-13 23:15:53', 0.2, 41);
insert into oferta (fechainicio, descuento, codigoBarras_producto) values ('2016-07-31 17:36:33', 0.5, 43);
insert into oferta (fechainicio, descuento, codigoBarras_producto) values ('2018-11-21 09:37:26', 0.5, 16);
insert into oferta (fechainicio, descuento, codigoBarras_producto) values ('2017-03-14 09:20:43', 0.5, 9);
insert into oferta (fechainicio, descuento, codigoBarras_producto) values ('2019-05-01 03:07:32', 0.5, 10);
insert into oferta (fechainicio, descuento, codigoBarras_producto) values ('2018-02-12 17:44:04', 0.4, 42);
insert into oferta (fechainicio, descuento, codigoBarras_producto) values ('2016-10-22 12:30:43', 0.2, 33);
insert into oferta (fechainicio, descuento, codigoBarras_producto) values ('2018-04-11 15:56:19', 0.5, 46);
insert into oferta (fechainicio, descuento, codigoBarras_producto) values ('2017-06-28 15:10:58', 0.4, 5);
insert into oferta (fechainicio, descuento, codigoBarras_producto) values ('2016-03-07 09:10:43', 0.6, 7);
insert into oferta (fechainicio, descuento, codigoBarras_producto) values ('2017-03-23 09:58:03', 0.3, 42);
insert into oferta (fechainicio, descuento, codigoBarras_producto) values ('2016-09-13 19:15:08', 0.1, 49);
insert into oferta (fechainicio, descuento, codigoBarras_producto) values ('2018-09-15 14:41:49', 0.1, 28);
insert into oferta (fechainicio, descuento, codigoBarras_producto) values ('2017-11-22 19:07:12', 0.1, 31);
insert into oferta (fechainicio, descuento, codigoBarras_producto) values ('2016-04-19 23:31:58', 0.2, 49);
insert into oferta (fechainicio, descuento, codigoBarras_producto) values ('2016-09-11 10:17:50', 0.2, 20);


insert into socio (telefono, email, nombre, apellidos, calle, portal, piso, letra) values ('105 825 4258', 'mcowlam0@bbb.org', 'Minne', 'Cowlam', 'Maywood', '5522', null, null);
insert into socio (telefono, email, nombre, apellidos, calle, portal, piso, letra) values ('272 680 0568', 'mellingford1@wsj.com', 'Munmro', 'Ellingford', 'Sherman', '9423', 9, 'd');
insert into socio (telefono, email, nombre, apellidos, calle, portal, piso, letra) values ('510 660 0839', 'pdearell2@odnoklassniki.ru', 'Pattie', 'Dearell', 'Morrow', '735', 9, 'f');
insert into socio (telefono, email, nombre, apellidos, calle, portal, piso, letra) values ('186 155 6624', 'gwallwork3@slideshare.net', 'Gertie', 'Wallwork', 'Iowa', '6936', 3, 'e');
insert into socio (telefono, email, nombre, apellidos, calle, portal, piso, letra) values ('968 756 2850', 'efarlane4@sitemeter.com', 'Ernie', 'Farlane', 'Shelley', '29', 18, 'f');
insert into socio (telefono, email, nombre, apellidos, calle, portal, piso, letra) values ('968 253 2308', 'adicky5@reddit.com', 'Adrianne', 'Dicky', 'Luster', '04864', 12, 'c');
insert into socio (telefono, email, nombre, apellidos, calle, portal, piso, letra) values ('334 447 7811', 'csmorthit6@unicef.org', 'Constantia', 'Smorthit', 'Merry', '36', 6, 'c');
insert into socio (telefono, email, nombre, apellidos, calle, portal, piso, letra) values ('286 541 0432', 'mbignal7@pinterest.com', 'Mendie', 'Bignal', 'Mendota', '14', 20, 'g');
insert into socio (telefono, email, nombre, apellidos, calle, portal, piso, letra) values ('396 535 2952', 'ggoodbarne8@goo.gl', 'Goldarina', 'Goodbarne', 'Stoughton', '7424', 20, 'c');
insert into socio (telefono, email, nombre, apellidos, calle, portal, piso, letra) values ('665 205 4908', 'umcgrae9@deviantart.com', 'Ulrick', 'McGrae', 'Crownhardt', '20', 7, 'a');
insert into socio (telefono, email, nombre, apellidos, calle, portal, piso, letra) values ('655 514 8373', 'rmounda@time.com', 'Rickard', 'Mound', 'Cherokee', '3691', null, null);
insert into socio (telefono, email, nombre, apellidos, calle, portal, piso, letra) values ('647 792 9119', 'wkerryb@trellian.com', 'Wood', 'Kerry', 'Union', '0', null, null);
insert into socio (telefono, email, nombre, apellidos, calle, portal, piso, letra) values ('556 746 8897', 'gcaldecottc@desdev.cn', 'Grove', 'Caldecott', 'Northridge', '75121', 20, 'd');
insert into socio (telefono, email, nombre, apellidos, calle, portal, piso, letra) values ('196 171 8135', 'enoard@wisc.edu', 'Even', 'Noar', 'Londonderry', '9534', null, null);
insert into socio (telefono, email, nombre, apellidos, calle, portal, piso, letra) values ('894 679 6633', 'jmcknockitere@ovh.net', 'Joyous', 'McKnockiter', 'Loeprich', '956', 5, 'e');
insert into socio (telefono, email, nombre, apellidos, calle, portal, piso, letra) values ('699 614 5090', 'cbaptief@drupal.org', 'Carlie', 'Baptie', 'Katie', '9', 13, 'b');
insert into socio (telefono, email, nombre, apellidos, calle, portal, piso, letra) values ('769 123 8872', 'qgarforthg@wordpress.com', 'Quintus', 'Garforth', 'Northwestern', '3566', 3, 'f');
insert into socio (telefono, email, nombre, apellidos, calle, portal, piso, letra) values ('960 995 9211', 'mmaccraeh@acquirethisname.com', 'Marlena', 'Maccrae', 'Straubel', '06038', 17, 'd');
insert into socio (telefono, email, nombre, apellidos, calle, portal, piso, letra) values ('529 678 1018', 'rreali@ebay.co.uk', 'Rachelle', 'Real', 'Forest Run', '48', 11, 'e');
insert into socio (telefono, email, nombre, apellidos, calle, portal, piso, letra) values ('807 669 9453', 'ctibbottsj@pagesperso-orange.fr', 'Carolan', 'Tibbotts', 'Hansons', '1719', 14, 'b');
insert into socio (telefono, email, nombre, apellidos, calle, portal, piso, letra) values ('236 141 5651', 'hvanderkruijsk@purevolume.com', 'Hetti', 'Van der Kruijs', 'Havey', '15106', 8, 'b');
insert into socio (telefono, email, nombre, apellidos, calle, portal, piso, letra) values ('148 333 8523', 'mvansalzbergerl@rediff.com', 'Merle', 'Van Salzberger', 'Loeprich', '7', 20, 'e');
insert into socio (telefono, email, nombre, apellidos, calle, portal, piso, letra) values ('147 612 2326', 'akaliszm@hugedomains.com', 'Amalle', 'Kalisz', 'Schiller', '2', 8, 'b');
insert into socio (telefono, email, nombre, apellidos, calle, portal, piso, letra) values ('245 927 5647', 'eosboldstonen@instagram.com', 'Elsi', 'Osboldstone', 'Texas', '7343', 5, 'a');
insert into socio (telefono, email, nombre, apellidos, calle, portal, piso, letra) values ('974 811 7107', 'fmelpusso@dell.com', 'Freeman', 'Melpuss', 'Dorton', '1', 4, 'f');
insert into socio (telefono, email, nombre, apellidos, calle, portal, piso, letra) values ('121 177 0244', 'lfalloonp@yellowpages.com', 'Libbey', 'Falloon', 'Duke', '6', 6, 'f');
insert into socio (telefono, email, nombre, apellidos, calle, portal, piso, letra) values ('945 194 4878', 'fheintschq@123-reg.co.uk', 'Fayette', 'Heintsch', 'Namekagon', '302', 9, 'g');
insert into socio (telefono, email, nombre, apellidos, calle, portal, piso, letra) values ('803 483 6259', 'mbigmorer@theatlantic.com', 'Mady', 'Bigmore', 'Petterle', '9452', 9, 'c');
insert into socio (telefono, email, nombre, apellidos, calle, portal, piso, letra) values ('248 707 8625', 'ecuerdas@unicef.org', 'Ellette', 'Cuerda', 'Manitowish', '397', null, null);
insert into socio (telefono, email, nombre, apellidos, calle, portal, piso, letra) values ('560 489 0092', 'kbowdreyt@tripadvisor.com', 'Keely', 'Bowdrey', 'Vermont', '90766', 9, 'g');


insert into cupon (codigo, telefono_socio) values (1, '272 680 0568');
insert into cupon (codigo, telefono_socio) values (2, '968 253 2308');
insert into cupon (codigo, telefono_socio) values (3, '699 614 5090');
insert into cupon (codigo, telefono_socio) values (4, '510 660 0839');
insert into cupon (codigo, telefono_socio) values (5, '334 447 7811');
insert into cupon (codigo, telefono_socio) values (6, '894 679 6633');
insert into cupon (codigo, telefono_socio) values (7, '974 811 7107');
insert into cupon (codigo, telefono_socio) values (8, '974 811 7107');
insert into cupon (codigo, telefono_socio) values (9, '147 612 2326');
insert into cupon (codigo, telefono_socio) values (10, '968 253 2308');
insert into cupon (codigo, telefono_socio) values (11, '236 141 5651');
insert into cupon (codigo, telefono_socio) values (12, '196 171 8135');
insert into cupon (codigo, telefono_socio) values (13, '803 483 6259');
insert into cupon (codigo, telefono_socio) values (14, '248 707 8625');
insert into cupon (codigo, telefono_socio) values (15, '334 447 7811');
insert into cupon (codigo, telefono_socio) values (16, '560 489 0092');
insert into cupon (codigo, telefono_socio) values (17, '655 514 8373');


insert into descuento (cantidad, codigo_cupon, codigobarras_producto) values (0.3, 1, 40);
insert into descuento (cantidad, codigo_cupon, codigobarras_producto) values (0.1, 2, 40);
insert into descuento (cantidad, codigo_cupon, codigobarras_producto) values (0.5, 3, 13);
insert into descuento (cantidad, codigo_cupon, codigobarras_producto) values (0.5, 4, 17);
insert into descuento (cantidad, codigo_cupon, codigobarras_producto) values (0.2, 5, 2);
insert into descuento (cantidad, codigo_cupon, codigobarras_producto) values (0.4, 6, 47);
insert into descuento (cantidad, codigo_cupon, codigobarras_producto) values (0.5, 7, 36);
insert into descuento (cantidad, codigo_cupon, codigobarras_producto) values (0.2, 8, 6);
insert into descuento (cantidad, codigo_cupon, codigobarras_producto) values (0.3, 9, 48);
insert into descuento (cantidad, codigo_cupon, codigobarras_producto) values (0.2, 10, 32);
insert into descuento (cantidad, codigo_cupon, codigobarras_producto) values (0.4, 11, 18);
insert into descuento (cantidad, codigo_cupon, codigobarras_producto) values (0.2, 12, 41);
insert into descuento (cantidad, codigo_cupon, codigobarras_producto) values (0.4, 13, 36);
insert into descuento (cantidad, codigo_cupon, codigobarras_producto) values (0.4, 14, 3);
insert into descuento (cantidad, codigo_cupon, codigobarras_producto) values (0.3, 15, 45);
insert into descuento (cantidad, codigo_cupon, codigobarras_producto) values (0.3, 16, 42);
insert into descuento (cantidad, codigo_cupon, codigobarras_producto) values (0.2, 17, 14);
insert into descuento (cantidad, codigo_cupon, codigobarras_producto) values (0.2, 1, 35);
insert into descuento (cantidad, codigo_cupon, codigobarras_producto) values (0.3, 2, 50);
insert into descuento (cantidad, codigo_cupon, codigobarras_producto) values (0.2, 3, 1);
insert into descuento (cantidad, codigo_cupon, codigobarras_producto) values (0.1, 4, 9);
insert into descuento (cantidad, codigo_cupon, codigobarras_producto) values (0.2, 5, 38);
insert into descuento (cantidad, codigo_cupon, codigobarras_producto) values (0.5, 6, 2);


insert into trabajador (telefonoMovil, telefonoFijo, nombre, apellidos, turno, horas, codigo_tienda) values ('956 724 8638', null, 'Alex', 'Josefer', 'M', 3, 2);
insert into trabajador (telefonoMovil, telefonoFijo, nombre, apellidos, turno, horas, codigo_tienda) values ('873 391 5034', '696 308 8293', 'Nicholle', 'Childes', 'M', 8, 2);
insert into trabajador (telefonoMovil, telefonoFijo, nombre, apellidos, turno, horas, codigo_tienda) values ('994 757 2126', null, 'Gale', 'Riggoll', 'M', 6, 3);
insert into trabajador (telefonoMovil, telefonoFijo, nombre, apellidos, turno, horas, codigo_tienda) values ('644 609 2285', null, 'Llywellyn', 'Cunniam', 'M', 2, 4);
insert into trabajador (telefonoMovil, telefonoFijo, nombre, apellidos, turno, horas, codigo_tienda) values ('276 501 6392', '480 263 3552', 'Ronica', 'Mallion', 'T', 5, 5);
insert into trabajador (telefonoMovil, telefonoFijo, nombre, apellidos, turno, horas, codigo_tienda) values ('544 102 5059', null, 'Hartwell', 'Martinello', 'T', 6, 6);
insert into trabajador (telefonoMovil, telefonoFijo, nombre, apellidos, turno, horas, codigo_tienda) values ('627 238 5188', '793 467 0558', 'Irene', 'Ertelt', 'M', 3, 7);
insert into trabajador (telefonoMovil, telefonoFijo, nombre, apellidos, turno, horas, codigo_tienda) values ('107 101 5741', null, 'Natala', 'Boobyer', 'T', 3, 8);
insert into trabajador (telefonoMovil, telefonoFijo, nombre, apellidos, turno, horas, codigo_tienda) values ('417 525 0908', '633 947 0130', 'Heidi', 'Watton', 'T', 1, 9);
insert into trabajador (telefonoMovil, telefonoFijo, nombre, apellidos, turno, horas, codigo_tienda) values ('942 308 2716', '398 410 9947', 'Dorice', 'Kretschmer', 'T', 3, 10);
insert into trabajador (telefonoMovil, telefonoFijo, nombre, apellidos, turno, horas, codigo_tienda) values ('115 576 8223', null, 'Brewer', 'Bennion', 'T', 6, 1);
insert into trabajador (telefonoMovil, telefonoFijo, nombre, apellidos, turno, horas, codigo_tienda) values ('858 646 3013', null, 'Marianna', 'Donoghue', 'T', 2, 2);
insert into trabajador (telefonoMovil, telefonoFijo, nombre, apellidos, turno, horas, codigo_tienda) values ('155 992 9749', '951 409 4851', 'Elicia', 'Havock', 'T', 1, 3);
insert into trabajador (telefonoMovil, telefonoFijo, nombre, apellidos, turno, horas, codigo_tienda) values ('954 408 8932', null, 'Noby', 'Cromley', 'T', 8, 4);
insert into trabajador (telefonoMovil, telefonoFijo, nombre, apellidos, turno, horas, codigo_tienda) values ('947 541 5459', null, 'Cathrin', 'Skipsea', 'T', 8, 5);
insert into trabajador (telefonoMovil, telefonoFijo, nombre, apellidos, turno, horas, codigo_tienda) values ('672 888 9792', '877 227 4551', 'Benoit', 'Erangy', 'M', 7, 6);
insert into trabajador (telefonoMovil, telefonoFijo, nombre, apellidos, turno, horas, codigo_tienda) values ('813 138 4746', '985 713 7519', 'Archer', 'Tudor', 'M', 8, 7);
insert into trabajador (telefonoMovil, telefonoFijo, nombre, apellidos, turno, horas, codigo_tienda) values ('647 579 0180', '385 250 1059', 'Tedie', 'Wessell', 'M', 4, 8);
insert into trabajador (telefonoMovil, telefonoFijo, nombre, apellidos, turno, horas, codigo_tienda) values ('848 436 7457', '995 633 5350', 'Vaughan', 'Lindemann', 'T', 3, 9);
insert into trabajador (telefonoMovil, telefonoFijo, nombre, apellidos, turno, horas, codigo_tienda) values ('101 559 7103', '127 418 0873', 'Carol-jean', 'Clayhill', 'M', 4, 10);
insert into trabajador (telefonoMovil, telefonoFijo, nombre, apellidos, turno, horas, codigo_tienda) values ('251 144 0826', null, 'Ely', 'Hatchette', 'T', 1, 1);
insert into trabajador (telefonoMovil, telefonoFijo, nombre, apellidos, turno, horas, codigo_tienda) values ('702 217 9147', '789 168 9600', 'Leicester', 'Tuxwell', 'T', 5, 2);
insert into trabajador (telefonoMovil, telefonoFijo, nombre, apellidos, turno, horas, codigo_tienda) values ('302 214 7190', null, 'Jarad', 'Lundy', 'M', 1, 3);
insert into trabajador (telefonoMovil, telefonoFijo, nombre, apellidos, turno, horas, codigo_tienda) values ('567 592 6650', null, 'Mannie', 'Winkless', 'M', 2, 4);
insert into trabajador (telefonoMovil, telefonoFijo, nombre, apellidos, turno, horas, codigo_tienda) values ('658 505 1916', '493 807 6962', 'Artemus', 'Bickerdike', 'T', 8, 5);
insert into trabajador (telefonoMovil, telefonoFijo, nombre, apellidos, turno, horas, codigo_tienda) values ('550 423 6758', '772 732 5073', 'Cecilius', 'Twigge', 'M', 2, 6);
insert into trabajador (telefonoMovil, telefonoFijo, nombre, apellidos, turno, horas, codigo_tienda) values ('967 253 0033', null, 'Dukie', 'Pococke', 'M', 5, 7);
insert into trabajador (telefonoMovil, telefonoFijo, nombre, apellidos, turno, horas, codigo_tienda) values ('676 859 1875', '277 639 6304', 'Barbara', 'Woolager', 'M', 1, 8);
insert into trabajador (telefonoMovil, telefonoFijo, nombre, apellidos, turno, horas, codigo_tienda) values ('208 947 4273', null, 'Jessi', 'Meadowcroft', 'M', 6, 9);
insert into trabajador (telefonoMovil, telefonoFijo, nombre, apellidos, turno, horas, codigo_tienda) values ('515 454 8965', '664 401 7491', 'Lea', 'Hacard', 'T', 6, 10);


insert into clasificacion (nota, fecha, telefonomovil_trabajador1, telefonomovil_trabajador) values (10, '2018-09-05 17:25:58', '813 138 4746', '302 214 7190');
insert into clasificacion (nota, fecha, telefonomovil_trabajador1, telefonomovil_trabajador) values (7, '2017-11-13 10:34:43', '956 724 8638', '873 391 5034');
insert into clasificacion (nota, fecha, telefonomovil_trabajador1, telefonomovil_trabajador) values (7, '2018-04-09 23:56:45', '676 859 1875', '208 947 4273');
insert into clasificacion (nota, fecha, telefonomovil_trabajador1, telefonomovil_trabajador) values (1, '2019-10-19 18:32:19', '208 947 4273', '567 592 6650');
insert into clasificacion (nota, fecha, telefonomovil_trabajador1, telefonomovil_trabajador) values (3, '2018-08-09 05:45:36', '858 646 3013', '702 217 9147');
insert into clasificacion (nota, fecha, telefonomovil_trabajador1, telefonomovil_trabajador) values (9, '2017-11-04 13:38:20', '567 592 6650', '956 724 8638');
insert into clasificacion (nota, fecha, telefonomovil_trabajador1, telefonomovil_trabajador) values (8, '2017-02-21 04:07:44', '954 408 8932', '302 214 7190');
insert into clasificacion (nota, fecha, telefonomovil_trabajador1, telefonomovil_trabajador) values (10, '2017-12-25 09:05:11', '873 391 5034', '967 253 0033');
insert into clasificacion (nota, fecha, telefonomovil_trabajador1, telefonomovil_trabajador) values (2, '2018-07-30 07:00:08', '417 525 0908', '647 579 0180');
insert into clasificacion (nota, fecha, telefonomovil_trabajador1, telefonomovil_trabajador) values (8, '2018-07-06 01:50:42', '276 501 6392', '115 576 8223');
insert into clasificacion (nota, fecha, telefonomovil_trabajador1, telefonomovil_trabajador) values (9, '2018-03-12 14:50:52', '942 308 2716', '873 391 5034');
insert into clasificacion (nota, fecha, telefonomovil_trabajador1, telefonomovil_trabajador) values (2, '2017-07-06 02:31:09', '115 576 8223', '672 888 9792');
insert into clasificacion (nota, fecha, telefonomovil_trabajador1, telefonomovil_trabajador) values (8, '2019-01-04 23:16:56', '942 308 2716', '942 308 2716');
insert into clasificacion (nota, fecha, telefonomovil_trabajador1, telefonomovil_trabajador) values (3, '2018-03-27 05:36:23', '550 423 6758', '115 576 8223');
insert into clasificacion (nota, fecha, telefonomovil_trabajador1, telefonomovil_trabajador) values (2, '2017-12-22 08:39:06', '947 541 5459', '858 646 3013');
insert into clasificacion (nota, fecha, telefonomovil_trabajador1, telefonomovil_trabajador) values (5, '2018-03-07 14:35:01', '101 559 7103', '954 408 8932');
insert into clasificacion (nota, fecha, telefonomovil_trabajador1, telefonomovil_trabajador) values (2, '2018-09-02 06:43:17', '567 592 6650', '942 308 2716');
insert into clasificacion (nota, fecha, telefonomovil_trabajador1, telefonomovil_trabajador) values (5, '2019-09-03 05:04:28', '676 859 1875', '658 505 1916');
insert into clasificacion (nota, fecha, telefonomovil_trabajador1, telefonomovil_trabajador) values (7, '2018-09-01 07:07:31', '873 391 5034', '567 592 6650');
insert into clasificacion (nota, fecha, telefonomovil_trabajador1, telefonomovil_trabajador) values (10, '2017-12-04 09:18:46', '658 505 1916', '672 888 9792');
insert into clasificacion (nota, fecha, telefonomovil_trabajador1, telefonomovil_trabajador) values (6, '2018-06-11 09:14:26', '155 992 9749', '627 238 5188');
insert into clasificacion (nota, fecha, telefonomovil_trabajador1, telefonomovil_trabajador) values (3, '2018-01-31 10:58:29', '942 308 2716', '858 646 3013');
insert into clasificacion (nota, fecha, telefonomovil_trabajador1, telefonomovil_trabajador) values (2, '2017-05-30 04:20:42', '702 217 9147', '115 576 8223');
insert into clasificacion (nota, fecha, telefonomovil_trabajador1, telefonomovil_trabajador) values (1, '2018-04-16 03:47:19', '848 436 7457', '302 214 7190');
insert into clasificacion (nota, fecha, telefonomovil_trabajador1, telefonomovil_trabajador) values (4, '2018-04-16 11:33:41', '676 859 1875', '994 757 2126');
insert into clasificacion (nota, fecha, telefonomovil_trabajador1, telefonomovil_trabajador) values (9, '2019-06-25 22:45:09', '956 724 8638', '567 592 6650');
insert into clasificacion (nota, fecha, telefonomovil_trabajador1, telefonomovil_trabajador) values (2, '2018-01-15 04:46:32', '155 992 9749', '644 609 2285');
insert into clasificacion (nota, fecha, telefonomovil_trabajador1, telefonomovil_trabajador) values (7, '2017-07-28 02:39:37', '954 408 8932', '813 138 4746');
insert into clasificacion (nota, fecha, telefonomovil_trabajador1, telefonomovil_trabajador) values (5, '2019-02-27 04:57:28', '676 859 1875', '251 144 0826');
insert into clasificacion (nota, fecha, telefonomovil_trabajador1, telefonomovil_trabajador) values (2, '2019-09-30 20:04:25', '101 559 7103', '155 992 9749');
insert into clasificacion (nota, fecha, telefonomovil_trabajador1, telefonomovil_trabajador) values (10, '2019-06-01 15:51:32', '672 888 9792', '208 947 4273');
insert into clasificacion (nota, fecha, telefonomovil_trabajador1, telefonomovil_trabajador) values (3, '2018-06-20 14:33:56', '417 525 0908', '873 391 5034');
insert into clasificacion (nota, fecha, telefonomovil_trabajador1, telefonomovil_trabajador) values (9, '2019-09-06 17:12:36', '994 757 2126', '251 144 0826');
insert into clasificacion (nota, fecha, telefonomovil_trabajador1, telefonomovil_trabajador) values (9, '2018-12-05 03:08:10', '567 592 6650', '848 436 7457');
insert into clasificacion (nota, fecha, telefonomovil_trabajador1, telefonomovil_trabajador) values (1, '2019-06-27 08:31:11', '994 757 2126', '848 436 7457');
insert into clasificacion (nota, fecha, telefonomovil_trabajador1, telefonomovil_trabajador) values (2, '2017-07-22 06:29:18', '858 646 3013', '873 391 5034');
insert into clasificacion (nota, fecha, telefonomovil_trabajador1, telefonomovil_trabajador) values (5, '2017-08-02 02:54:37', '858 646 3013', '647 579 0180');
insert into clasificacion (nota, fecha, telefonomovil_trabajador1, telefonomovil_trabajador) values (5, '2019-06-14 07:25:38', '567 592 6650', '567 592 6650');
insert into clasificacion (nota, fecha, telefonomovil_trabajador1, telefonomovil_trabajador) values (3, '2017-05-08 22:11:19', '942 308 2716', '107 101 5741');
insert into clasificacion (nota, fecha, telefonomovil_trabajador1, telefonomovil_trabajador) values (10, '2017-04-01 06:45:14', '658 505 1916', '155 992 9749');


insert into opinion (fechahora, texto, puntuacion, codigo_tienda, telefono_socio) values ('2017-01-08 07:51:54', 'El suelo es de color marron y no me gusta el color marron', 2, 1, '105 825 4258');
insert into opinion (fechahora, texto, puntuacion, codigo_tienda, telefono_socio) values ('2016-07-20 05:54:15', 'Yo solo doy esta opinion para participar en un sorteo jaja', 4, 2, '272 680 0568');
insert into opinion (fechahora, texto, puntuacion, codigo_tienda, telefono_socio) values ('2019-04-08 11:48:48', 'Yo solo doy esta opinion para participar en un sorteo jaja', 4, 3, '510 660 0839');
insert into opinion (fechahora, texto, puntuacion, codigo_tienda, telefono_socio) values ('2017-05-09 23:16:56', 'Yo solo doy esta opinion para participar en un sorteo jaja', 7, 4, '186 155 6624');
insert into opinion (fechahora, texto, puntuacion, codigo_tienda, telefono_socio) values ('2018-05-19 20:25:18', 'Yo solo doy esta opinion para participar en un sorteo jaja', 1, 5, '968 756 2850');
insert into opinion (fechahora, texto, puntuacion, codigo_tienda, telefono_socio) values ('2017-08-23 11:43:01', 'Yo solo doy esta opinion para participar en un sorteo jaja', 7, 6, '968 253 2308');
insert into opinion (fechahora, texto, puntuacion, codigo_tienda, telefono_socio) values ('2019-01-25 20:39:08', 'Los trabajadores son unos maquinas', 4, 7, '334 447 7811');
insert into opinion (fechahora, texto, puntuacion, codigo_tienda, telefono_socio) values ('2017-03-24 16:44:11', 'Los productos son de calidad', 9, 8, '286 541 0432');
insert into opinion (fechahora, texto, puntuacion, codigo_tienda, telefono_socio) values ('2019-03-21 06:20:58', 'La ultima vez que vuelvo por aqui', 10, 9, '396 535 2952');
insert into opinion (fechahora, texto, puntuacion, codigo_tienda, telefono_socio) values ('2016-06-05 11:13:59', 'Me gusta que vendan comida', 7, 10, '665 205 4908');
insert into opinion (fechahora, texto, puntuacion, codigo_tienda, telefono_socio) values ('2019-03-23 08:59:28', 'Yo solo doy esta opinion para participar en un sorteo jaja', 9, 1, '655 514 8373');
insert into opinion (fechahora, texto, puntuacion, codigo_tienda, telefono_socio) values ('2019-09-29 00:42:11', 'Los trabajadores son unos maquinas', 6, 2, '647 792 9119');
insert into opinion (fechahora, texto, puntuacion, codigo_tienda, telefono_socio) values ('2018-04-15 06:49:10', 'Esta todo muy caro', 2, 3, '556 746 8897');
insert into opinion (fechahora, texto, puntuacion, codigo_tienda, telefono_socio) values ('2018-11-11 05:22:48', 'Yo solo doy esta opinion para participar en un sorteo jaja', 2, 4, '196 171 8135');
insert into opinion (fechahora, texto, puntuacion, codigo_tienda, telefono_socio) values ('2017-02-24 10:16:43', 'Me gusta que vendan comida', 1, 5, '894 679 6633');
insert into opinion (fechahora, texto, puntuacion, codigo_tienda, telefono_socio) values ('2016-05-06 12:27:30', 'El suelo es de color marron y no me gusta el color marron', 2, 6, '699 614 5090');
insert into opinion (fechahora, texto, puntuacion, codigo_tienda, telefono_socio) values ('2018-03-22 10:58:00', 'Me gusta que vendan comida', 10, 7, '769 123 8872');
insert into opinion (fechahora, texto, puntuacion, codigo_tienda, telefono_socio) values ('2018-04-29 11:29:18', 'Los trabajadores son unos maquinas', 7, 8, '960 995 9211');
insert into opinion (fechahora, texto, puntuacion, codigo_tienda, telefono_socio) values ('2017-03-11 13:18:17', 'El suelo es de color marron y no me gusta el color marron', 9, 9, '529 678 1018');
insert into opinion (fechahora, texto, puntuacion, codigo_tienda, telefono_socio) values ('2019-03-27 13:42:20', 'Esta todo muy caro', 5, 10, '807 669 9453');



insert into ticket (fechahoraemision, total, telefono_socio, telefonomovil_trabajador) values ('2019-03-04 13:46:39', '0.00', '272 680 0568', '994 757 2126');
insert into ticket (fechahoraemision, total, telefono_socio, telefonomovil_trabajador) values ('2019-07-15 01:49:51', '0.00', '196 171 8135', '567 592 6650');
insert into ticket (fechahoraemision, total, telefono_socio, telefonomovil_trabajador) values ('2019-09-11 22:52:19', '0.00', '245 927 5647', '658 505 1916');
insert into ticket (fechahoraemision, total, telefono_socio, telefonomovil_trabajador) values ('2018-11-29 00:07:01', '0.00', '186 155 6624', '251 144 0826');
insert into ticket (fechahoraemision, total, telefono_socio, telefonomovil_trabajador) values ('2019-05-18 05:45:23', '0.00', '556 746 8897', '967 253 0033');
insert into ticket (fechahoraemision, total, telefono_socio, telefonomovil_trabajador) values ('2019-05-28 20:18:18', '0.00', '647 792 9119', '858 646 3013');


insert into articulo (codigobarras_producto, fechahoraemision_ticket, telefonomovil_trabajador_ticket, cantidad) values (8, '2019-11-02 20:18:18', '858 646 3013', 2);
insert into articulo (codigobarras_producto, fechahoraemision_ticket, telefonomovil_trabajador_ticket, cantidad) values (11, '2019-11-02 20:18:18', '858 646 3013', 1);
insert into articulo (codigobarras_producto, fechahoraemision_ticket, telefonomovil_trabajador_ticket, cantidad) values (4, '2019-07-15 01:49:51', '567 592 6650', 3);
insert into articulo (codigobarras_producto, fechahoraemision_ticket, telefonomovil_trabajador_ticket, cantidad) values (24, '2019-09-11 22:52:19', '658 505 1916', 7);
insert into articulo (codigobarras_producto, fechahoraemision_ticket, telefonomovil_trabajador_ticket, cantidad) values (13, '2018-11-29 00:07:01', '251 144 0826', 3);
insert into articulo (codigobarras_producto, fechahoraemision_ticket, telefonomovil_trabajador_ticket, cantidad) values (34, '2019-05-18 05:45:23', '967 253 0033', 5);
insert into articulo (codigobarras_producto, fechahoraemision_ticket, telefonomovil_trabajador_ticket, cantidad) values (23, '2019-05-28 20:18:18', '858 646 3013', 4);


