INSERT INTO socio(numero,email,nombre,direccion,telefono) VALUES (1,'kbalcon0@woothemes.com','Korrie Balcon','288 Hagan Lane','648 314 8092');
INSERT INTO socio(numero,email,nombre,direccion,telefono) VALUES (2,'mginnally1@tumblr.com','Melisenda Ginnally','00898 Golden Leaf Point','745 519 7058');
INSERT INTO socio(numero,email,nombre,direccion,telefono) VALUES (3,'nphilpin2@cafepress.com','Netti Philpin','15 Fairfield Center','251 602 7928');
INSERT INTO socio(numero,email,nombre,direccion,telefono) VALUES (4,'cboggers3@meetup.com','Celene Boggers','517 Barnett Point','945 458 8365');
INSERT INTO socio(numero,email,nombre,direccion,telefono) VALUES (5,'mboldison4@nifty.com','Meara Boldison','5100 Merry Lane','653 267 8489');
INSERT INTO socio(numero,email,nombre,direccion,telefono) VALUES (6,'bbutcher5@nasa.gov','Bar Butcher','045 Fallview Junction','187 840 5299');
INSERT INTO socio(numero,email,nombre,direccion,telefono) VALUES (7,'zmityushin6@webs.com','Zachery Mityushin','18095 Magdeline Alley','477 160 9853');
INSERT INTO socio(numero,email,nombre,direccion,telefono) VALUES (8,'kfouldes7@bloomberg.com','Kathi Fouldes','833 Ohio Point','899 537 2270');
INSERT INTO socio(numero,email,nombre,direccion,telefono) VALUES (9,'mhunstone8@hostgator.com','Mitchel Hunstone','04097 Wayridge Place','517 166 3333');
INSERT INTO socio(numero,email,nombre,direccion,telefono) VALUES (10,'glochead9@plala.or.jp','Gayle Lochead','9 Sachtjen Drive','977 862 7854');
INSERT INTO socio(numero,email,nombre,direccion,telefono) VALUES (11,'cadamika@jiathis.com','Cassy Adamik','65825 Granby Parkway','990 577 7366');
INSERT INTO socio(numero,email,nombre,direccion,telefono) VALUES (12,'aquailb@nature.com','Andy Quail','3493 Dwight Trail','297 451 4738');
INSERT INTO socio(numero,email,nombre,direccion,telefono) VALUES (13,'cpatriac@go.com','Cheri Patria','20 Harbort Parkway','798 622 7046');
INSERT INTO socio(numero,email,nombre,direccion,telefono) VALUES (14,'ngirardind@uiuc.edu','Nicolas Girardin','58 Eastlawn Circle','143 483 4806');
INSERT INTO socio(numero,email,nombre,direccion,telefono) VALUES (15,'jzorzuttie@tripadvisor.com','Jameson Zorzutti','197 Ronald Regan Avenue','427 786 1251');
INSERT INTO socio(numero,email,nombre,direccion,telefono) VALUES (16,'dclynmansf@bravesites.com','Dulciana Clynmans','028 Bellgrove Court','317 965 5720');
INSERT INTO socio(numero,email,nombre,direccion,telefono) VALUES (17,'ngreshamg@artisteer.com','Nerta Gresham','538 Sunbrook Alley','167 894 9191');
INSERT INTO socio(numero,email,nombre,direccion,telefono) VALUES (18,'jwrigleyh@ask.com','Jud Wrigley','3419 Kinsman Junction','550 672 2133');
INSERT INTO socio(numero,email,nombre,direccion,telefono) VALUES (19,'hmeganyi@artisteer.com','Harlie Megany','29174 Steensland Crossing','143 343 0766');
INSERT INTO socio(numero,email,nombre,direccion,telefono) VALUES (20,'hcicculij@reference.com','Horatia Cicculi','77946 Jana Park','761 958 9040');
INSERT INTO socio(numero,email,nombre,direccion,telefono) VALUES (21,'todonnellk@howstuffworks.com','Trudy O''Donnell','73 Oneill Park','291 575 2234');
INSERT INTO socio(numero,email,nombre,direccion,telefono) VALUES (22,'efontl@cafepress.com','Ephrayim Font','70738 Eliot Road','422 216 9774');
INSERT INTO socio(numero,email,nombre,direccion,telefono) VALUES (23,'hclineckm@wikimedia.org','Hynda Clineck','9 Armistice Lane','959 601 2566');
INSERT INTO socio(numero,email,nombre,direccion,telefono) VALUES (24,'wparsandn@shinystat.com','Wilma Parsand','9 Elka Street','915 866 7337');
INSERT INTO socio(numero,email,nombre,direccion,telefono) VALUES (25,'hsangeo@wix.com','Herb Sange','4 Vermont Drive','178 651 0930');
INSERT INTO socio(numero,email,nombre,direccion,telefono) VALUES (26,'acantop@about.com','Almeda Canto','37 Hoard Court','915 563 4513');
INSERT INTO socio(numero,email,nombre,direccion,telefono) VALUES (27,'cmcgraithq@tripod.com','Camey McGraith','45 Carioca Park','543 626 9560');
INSERT INTO socio(numero,email,nombre,direccion,telefono) VALUES (28,'ekenewelr@buzzfeed.com','Evan Kenewel','06 Springs Hill','464 386 0741');
INSERT INTO socio(numero,email,nombre,direccion,telefono) VALUES (29,'scalvies@free.fr','Sidnee Calvie','1630 La Follette Lane','612 125 2040');
INSERT INTO socio(numero,email,nombre,direccion,telefono) VALUES (30,'eshaplint@cpanel.net','Elysia Shaplin','430 Jenifer Drive','352 570 1717');

INSERT INTO tienda(codigo,ciudad) VALUES (1,'Getafe');
INSERT INTO tienda(codigo,ciudad) VALUES (2,'Madrid');
INSERT INTO tienda(codigo,ciudad) VALUES (3,'Getafe');
INSERT INTO tienda(codigo,ciudad) VALUES (4,'Torrejon');
INSERT INTO tienda(codigo,ciudad) VALUES (5,'Alcala de Henares');
INSERT INTO tienda(codigo,ciudad) VALUES (6,'Torrejon');
INSERT INTO tienda(codigo,ciudad) VALUES (7,'Alcala de Henares');
INSERT INTO tienda(codigo,ciudad) VALUES (8,'Alcala de Henares');
INSERT INTO tienda(codigo,ciudad) VALUES (9,'Madrid');
INSERT INTO tienda(codigo,ciudad) VALUES (10,'Getafe');

INSERT INTO IVA(codigo,tipo,porcentaje) VALUES (1,'G',0.21);
INSERT INTO IVA(codigo,tipo,porcentaje) VALUES (2,'R',0.10);
INSERT INTO IVA(codigo,tipo,porcentaje) VALUES (3,'S',0.04);

INSERT INTO opinion(codigo,texto,fechahora,puntuacion,codigo_tienda,numero_socio) VALUES (1,'El establecimiento se cae a cachos','2017-04-22 10:26:39',1,1,1);
INSERT INTO opinion(codigo,texto,fechahora,puntuacion,codigo_tienda,numero_socio) VALUES (2,'Me gusta que vendan comida','2019-10-05 03:34:09',2,2,2);
INSERT INTO opinion(codigo,texto,fechahora,puntuacion,codigo_tienda,numero_socio) VALUES (3,'Esta todo muy caro','2019-08-05 12:19:13',3,3,3);
INSERT INTO opinion(codigo,texto,fechahora,puntuacion,codigo_tienda,numero_socio) VALUES (4,'Los trabajadores son unos maquinas','2017-08-04 03:28:11',8,4,4);
INSERT INTO opinion(codigo,texto,fechahora,puntuacion,codigo_tienda,numero_socio) VALUES (5,'Yo solo doy esta opinion para participar en un sorteo jaja','2016-05-18 16:47:04',7,5,5);
INSERT INTO opinion(codigo,texto,fechahora,puntuacion,codigo_tienda,numero_socio) VALUES (6,'Los trabajadores son unos maquinas','2016-10-15 09:44:52',1,6,6);
INSERT INTO opinion(codigo,texto,fechahora,puntuacion,codigo_tienda,numero_socio) VALUES (7,'Los trabajadores son unos maquinas','2017-06-12 06:04:31',5,7,7);
INSERT INTO opinion(codigo,texto,fechahora,puntuacion,codigo_tienda,numero_socio) VALUES (8,'Me gusta que vendan comida','2017-07-14 09:11:44',5,8,8);
INSERT INTO opinion(codigo,texto,fechahora,puntuacion,codigo_tienda,numero_socio) VALUES (9,'Me gusta que vendan comida','2017-03-29 22:02:02',3,9,9);
INSERT INTO opinion(codigo,texto,fechahora,puntuacion,codigo_tienda,numero_socio) VALUES (10,'Los trabajadores son unos maquinas','2018-10-19 10:16:53',6,10,10);
INSERT INTO opinion(codigo,texto,fechahora,puntuacion,codigo_tienda,numero_socio) VALUES (11,'El establecimiento se cae a cachos','2017-08-26 19:53:34',8,1,11);
INSERT INTO opinion(codigo,texto,fechahora,puntuacion,codigo_tienda,numero_socio) VALUES (12,'Me gusta que vendan comida','2016-09-17 01:42:03',10,2,12);
INSERT INTO opinion(codigo,texto,fechahora,puntuacion,codigo_tienda,numero_socio) VALUES (13,'Yo solo doy esta opinion para participar en un sorteo jaja','2019-05-07 00:00:27',7,3,13);
INSERT INTO opinion(codigo,texto,fechahora,puntuacion,codigo_tienda,numero_socio) VALUES (14,'Los trabajadores son unos maquinas','2018-11-11 10:04:29',6,4,14);
INSERT INTO opinion(codigo,texto,fechahora,puntuacion,codigo_tienda,numero_socio) VALUES (15,'Yo solo doy esta opinion para participar en un sorteo jaja','2016-12-06 06:06:09',10,5,15);
INSERT INTO opinion(codigo,texto,fechahora,puntuacion,codigo_tienda,numero_socio) VALUES (16,'Los trabajadores son unos maquinas','2018-01-28 19:06:49',5,6,16);
INSERT INTO opinion(codigo,texto,fechahora,puntuacion,codigo_tienda,numero_socio) VALUES (17,'El establecimiento se cae a cachos','2018-05-17 05:33:55',4,7,17);
INSERT INTO opinion(codigo,texto,fechahora,puntuacion,codigo_tienda,numero_socio) VALUES (18,'Me gusta que vendan comida','2017-02-22 08:19:38',10,8,18);
INSERT INTO opinion(codigo,texto,fechahora,puntuacion,codigo_tienda,numero_socio) VALUES (19,'Esta todo muy caro','2019-08-31 09:01:54',1,9,19);
INSERT INTO opinion(codigo,texto,fechahora,puntuacion,codigo_tienda,numero_socio) VALUES (20,'Me gusta que vendan comida','2016-03-15 18:27:43',10,10,20);

INSERT INTO cupon(codigo,numero_socio) VALUES (1,30);
INSERT INTO cupon(codigo,numero_socio) VALUES (2,3);
INSERT INTO cupon(codigo,numero_socio) VALUES (3,23);
INSERT INTO cupon(codigo,numero_socio) VALUES (4,5);
INSERT INTO cupon(codigo,numero_socio) VALUES (5,6);
INSERT INTO cupon(codigo,numero_socio) VALUES (6,14);
INSERT INTO cupon(codigo,numero_socio) VALUES (7,4);
INSERT INTO cupon(codigo,numero_socio) VALUES (8,18);
INSERT INTO cupon(codigo,numero_socio) VALUES (9,28);
INSERT INTO cupon(codigo,numero_socio) VALUES (10,25);
INSERT INTO cupon(codigo,numero_socio) VALUES (11,17);
INSERT INTO cupon(codigo,numero_socio) VALUES (12,20);
INSERT INTO cupon(codigo,numero_socio) VALUES (13,30);
INSERT INTO cupon(codigo,numero_socio) VALUES (14,30);
INSERT INTO cupon(codigo,numero_socio) VALUES (15,26);
INSERT INTO cupon(codigo,numero_socio) VALUES (16,15);
INSERT INTO cupon(codigo,numero_socio) VALUES (17,30);

INSERT INTO trabajador(codigo,nombre,telefonoFijo,telefonoMovil,turno,tipo,horas,codigo_tienda) VALUES (1,'Lissie Brumble','426 958 9768','790 457 3269','M','C',4,1);
INSERT INTO trabajador(codigo,nombre,telefonoFijo,telefonoMovil,turno,tipo,horas,codigo_tienda) VALUES (2,'Cacilia Bonass','293 723 1732','830 527 1665','T','C',2,2);
INSERT INTO trabajador(codigo,nombre,telefonoFijo,telefonoMovil,turno,tipo,horas,codigo_tienda) VALUES (3,'Ali Angood','366 418 8625','567 944 3223','T','R',8,3);
INSERT INTO trabajador(codigo,nombre,telefonoFijo,telefonoMovil,turno,tipo,horas,codigo_tienda) VALUES (4,'Kory Adriano','485 473 5499','490 820 5679','M','R',8,4);
INSERT INTO trabajador(codigo,nombre,telefonoFijo,telefonoMovil,turno,tipo,horas,codigo_tienda) VALUES (5,'Elmore O''Cahsedy','949 938 3533','904 399 4461','M','R',8,5);
INSERT INTO trabajador(codigo,nombre,telefonoFijo,telefonoMovil,turno,tipo,horas,codigo_tienda) VALUES (6,'Nanette Fried','815 748 5108','508 900 0191','T','R',8,6);
INSERT INTO trabajador(codigo,nombre,telefonoFijo,telefonoMovil,turno,tipo,horas,codigo_tienda) VALUES (7,'Jermayne Duchart','736 611 0822','805 322 5831','M','C',3,7);
INSERT INTO trabajador(codigo,nombre,telefonoFijo,telefonoMovil,turno,tipo,horas,codigo_tienda) VALUES (8,'Derek Laugheran','794 666 0815','538 222 2259','M','C',7,8);
INSERT INTO trabajador(codigo,nombre,telefonoFijo,telefonoMovil,turno,tipo,horas,codigo_tienda) VALUES (9,'Putnem Gounel','738 295 8595','847 676 6241','M','C',6,9);
INSERT INTO trabajador(codigo,nombre,telefonoFijo,telefonoMovil,turno,tipo,horas,codigo_tienda) VALUES (10,'Karlyn Memmory','547 480 3347','269 375 4175','M','R',8,10);
INSERT INTO trabajador(codigo,nombre,telefonoFijo,telefonoMovil,turno,tipo,horas,codigo_tienda) VALUES (11,'Anselma Westoff','459 779 5647','550 484 5694','T','R',8,1);
INSERT INTO trabajador(codigo,nombre,telefonoFijo,telefonoMovil,turno,tipo,horas,codigo_tienda) VALUES (12,'Arda Bradlaugh','206 796 0389','225 393 0021','M','C',4,2);
INSERT INTO trabajador(codigo,nombre,telefonoFijo,telefonoMovil,turno,tipo,horas,codigo_tienda) VALUES (13,'Grace Cutchey','308 871 9000','264 974 5457','T','R',8,3);
INSERT INTO trabajador(codigo,nombre,telefonoFijo,telefonoMovil,turno,tipo,horas,codigo_tienda) VALUES (14,'Kristi de Quesne','459 180 0674','489 951 0530','M','R',8,4);
INSERT INTO trabajador(codigo,nombre,telefonoFijo,telefonoMovil,turno,tipo,horas,codigo_tienda) VALUES (15,'Grady Cavell','721 655 7945','537 114 2686','T','C',1,5);
INSERT INTO trabajador(codigo,nombre,telefonoFijo,telefonoMovil,turno,tipo,horas,codigo_tienda) VALUES (16,'Brock Probbin','850 414 7966','947 375 8989','M','R',8,6);
INSERT INTO trabajador(codigo,nombre,telefonoFijo,telefonoMovil,turno,tipo,horas,codigo_tienda) VALUES (17,'Arleen Salasar','941 887 4584','798 519 1335','T','C',3,7);
INSERT INTO trabajador(codigo,nombre,telefonoFijo,telefonoMovil,turno,tipo,horas,codigo_tienda) VALUES (18,'Atlanta Yegorovnin','291 182 8604','964 314 3658','M','C',2,8);
INSERT INTO trabajador(codigo,nombre,telefonoFijo,telefonoMovil,turno,tipo,horas,codigo_tienda) VALUES (19,'Harbert Conaghy','964 594 7473','676 567 3658','M','C',4,9);
INSERT INTO trabajador(codigo,nombre,telefonoFijo,telefonoMovil,turno,tipo,horas,codigo_tienda) VALUES (20,'Malena Haggerstone','947 352 7806','656 892 9317','M','C',5,10);
INSERT INTO trabajador(codigo,nombre,telefonoFijo,telefonoMovil,turno,tipo,horas,codigo_tienda) VALUES (21,'Micah Twidell','907 196 1344','566 149 4928','M','C',7,1);
INSERT INTO trabajador(codigo,nombre,telefonoFijo,telefonoMovil,turno,tipo,horas,codigo_tienda) VALUES (22,'Ike Tipper','217 332 6618','705 868 8245','M','R',8,2);
INSERT INTO trabajador(codigo,nombre,telefonoFijo,telefonoMovil,turno,tipo,horas,codigo_tienda) VALUES (23,'Micky Beadle','908 456 4567','709 223 3217','T','C',3,3);
INSERT INTO trabajador(codigo,nombre,telefonoFijo,telefonoMovil,turno,tipo,horas,codigo_tienda) VALUES (24,'Ellene Feore','256 639 5854','608 470 7403','M','C',1,4);
INSERT INTO trabajador(codigo,nombre,telefonoFijo,telefonoMovil,turno,tipo,horas,codigo_tienda) VALUES (25,'Leah Idel','199 348 9683','901 808 5969','T','C',3,5);
INSERT INTO trabajador(codigo,nombre,telefonoFijo,telefonoMovil,turno,tipo,horas,codigo_tienda) VALUES (26,'Austina McCrann','384 818 1932','772 419 7593','M','C',6,6);
INSERT INTO trabajador(codigo,nombre,telefonoFijo,telefonoMovil,turno,tipo,horas,codigo_tienda) VALUES (27,'Gisela Noonan','970 511 7650','993 121 6734','T','C',4,7);
INSERT INTO trabajador(codigo,nombre,telefonoFijo,telefonoMovil,turno,tipo,horas,codigo_tienda) VALUES (28,'Blondy Verduin','961 374 9022','785 185 8920','T','R',8,8);
INSERT INTO trabajador(codigo,nombre,telefonoFijo,telefonoMovil,turno,tipo,horas,codigo_tienda) VALUES (29,'Hobie Joberne','338 639 1457','894 704 0775','M','R',8,9);
INSERT INTO trabajador(codigo,nombre,telefonoFijo,telefonoMovil,turno,tipo,horas,codigo_tienda) VALUES (30,'Kleon Atlay','144 689 4204','129 195 5616','T','R',8,10);

INSERT INTO clasificacion(nota,fecha,codigo_Evaluador,codigo_Evaluado) VALUES (2,'2017-04-01 05:22:18',11,18);
INSERT INTO clasificacion(nota,fecha,codigo_Evaluador,codigo_Evaluado) VALUES (1,'2019-06-24 09:41:09',27,30);
INSERT INTO clasificacion(nota,fecha,codigo_Evaluador,codigo_Evaluado) VALUES (3,'2017-08-01 04:23:27',1,23);
INSERT INTO clasificacion(nota,fecha,codigo_Evaluador,codigo_Evaluado) VALUES (6,'2017-03-30 00:47:31',26,1);
INSERT INTO clasificacion(nota,fecha,codigo_Evaluador,codigo_Evaluado) VALUES (4,'2018-05-20 18:37:13',23,27);
INSERT INTO clasificacion(nota,fecha,codigo_Evaluador,codigo_Evaluado) VALUES (1,'2018-05-05 08:54:46',29,1);
INSERT INTO clasificacion(nota,fecha,codigo_Evaluador,codigo_Evaluado) VALUES (2,'2019-02-03 15:08:55',24,26);
INSERT INTO clasificacion(nota,fecha,codigo_Evaluador,codigo_Evaluado) VALUES (9,'2018-12-26 23:32:05',10,2);
INSERT INTO clasificacion(nota,fecha,codigo_Evaluador,codigo_Evaluado) VALUES (9,'2017-05-14 19:50:58',17,14);
INSERT INTO clasificacion(nota,fecha,codigo_Evaluador,codigo_Evaluado) VALUES (5,'2017-06-20 06:33:21',18,28);
INSERT INTO clasificacion(nota,fecha,codigo_Evaluador,codigo_Evaluado) VALUES (7,'2017-06-07 16:50:32',6,10);
INSERT INTO clasificacion(nota,fecha,codigo_Evaluador,codigo_Evaluado) VALUES (9,'2019-09-27 20:13:17',15,7);
INSERT INTO clasificacion(nota,fecha,codigo_Evaluador,codigo_Evaluado) VALUES (3,'2018-09-25 05:03:17',16,24);
INSERT INTO clasificacion(nota,fecha,codigo_Evaluador,codigo_Evaluado) VALUES (4,'2017-06-24 04:25:45',25,1);
INSERT INTO clasificacion(nota,fecha,codigo_Evaluador,codigo_Evaluado) VALUES (7,'2017-09-22 07:56:51',5,11);
INSERT INTO clasificacion(nota,fecha,codigo_Evaluador,codigo_Evaluado) VALUES (3,'2019-08-05 13:46:33',7,2);
INSERT INTO clasificacion(nota,fecha,codigo_Evaluador,codigo_Evaluado) VALUES (7,'2019-04-25 01:10:21',28,11);
INSERT INTO clasificacion(nota,fecha,codigo_Evaluador,codigo_Evaluado) VALUES (7,'2018-07-17 05:51:50',22,7);
INSERT INTO clasificacion(nota,fecha,codigo_Evaluador,codigo_Evaluado) VALUES (8,'2017-08-09 17:27:15',23,10);
INSERT INTO clasificacion(nota,fecha,codigo_Evaluador,codigo_Evaluado) VALUES (5,'2019-07-28 08:21:50',8,14);
INSERT INTO clasificacion(nota,fecha,codigo_Evaluador,codigo_Evaluado) VALUES (8,'2019-09-09 02:03:38',24,5);
INSERT INTO clasificacion(nota,fecha,codigo_Evaluador,codigo_Evaluado) VALUES (2,'2018-08-22 22:33:53',2,4);
INSERT INTO clasificacion(nota,fecha,codigo_Evaluador,codigo_Evaluado) VALUES (8,'2017-07-16 10:09:48',4,16);
INSERT INTO clasificacion(nota,fecha,codigo_Evaluador,codigo_Evaluado) VALUES (1,'2017-06-21 07:38:53',24,1);
INSERT INTO clasificacion(nota,fecha,codigo_Evaluador,codigo_Evaluado) VALUES (5,'2017-08-15 09:08:22',27,12);
INSERT INTO clasificacion(nota,fecha,codigo_Evaluador,codigo_Evaluado) VALUES (6,'2019-11-11 09:37:57',27,1);
INSERT INTO clasificacion(nota,fecha,codigo_Evaluador,codigo_Evaluado) VALUES (8,'2019-06-03 22:48:13',4,30);
INSERT INTO clasificacion(nota,fecha,codigo_Evaluador,codigo_Evaluado) VALUES (8,'2019-07-02 09:19:51',26,10);
INSERT INTO clasificacion(nota,fecha,codigo_Evaluador,codigo_Evaluado) VALUES (3,'2018-12-19 18:31:07',10,25);
INSERT INTO clasificacion(nota,fecha,codigo_Evaluador,codigo_Evaluado) VALUES (10,'2018-08-25 04:25:44',9,14);
INSERT INTO clasificacion(nota,fecha,codigo_Evaluador,codigo_Evaluado) VALUES (1,'2017-03-08 16:28:59',10,9);
INSERT INTO clasificacion(nota,fecha,codigo_Evaluador,codigo_Evaluado) VALUES (3,'2017-09-19 01:43:01',4,20);
INSERT INTO clasificacion(nota,fecha,codigo_Evaluador,codigo_Evaluado) VALUES (1,'2018-04-18 09:06:44',14,11);
INSERT INTO clasificacion(nota,fecha,codigo_Evaluador,codigo_Evaluado) VALUES (8,'2018-12-24 15:10:09',15,19);
INSERT INTO clasificacion(nota,fecha,codigo_Evaluador,codigo_Evaluado) VALUES (1,'2017-10-22 03:58:27',24,20);
INSERT INTO clasificacion(nota,fecha,codigo_Evaluador,codigo_Evaluado) VALUES (8,'2019-08-03 02:12:02',11,17);
INSERT INTO clasificacion(nota,fecha,codigo_Evaluador,codigo_Evaluado) VALUES (4,'2019-03-04 15:44:12',28,30);
INSERT INTO clasificacion(nota,fecha,codigo_Evaluador,codigo_Evaluado) VALUES (8,'2018-06-11 10:22:15',5,30);
INSERT INTO clasificacion(nota,fecha,codigo_Evaluador,codigo_Evaluado) VALUES (10,'2018-12-20 15:31:57',17,18);
INSERT INTO clasificacion(nota,fecha,codigo_Evaluador,codigo_Evaluado) VALUES (1,'2018-01-23 16:04:28',30,28);

INSERT INTO ticket(identificador,fechaHoraEmision,total,codigo_trabajador,numero_socio) VALUES (1,'2019-11-15 06:53:21','€132,18',27,26);
INSERT INTO ticket(identificador,fechaHoraEmision,total,codigo_trabajador,numero_socio) VALUES (2,'2018-12-20 01:02:56','€-84,84',13,2);
INSERT INTO ticket(identificador,fechaHoraEmision,total,codigo_trabajador,numero_socio) VALUES (3,'2019-06-28 05:43:56','€54,23',12,12);
INSERT INTO ticket(identificador,fechaHoraEmision,total,codigo_trabajador,numero_socio) VALUES (4,'2019-08-22 10:30:59','€109,05',24,20);
INSERT INTO ticket(identificador,fechaHoraEmision,total,codigo_trabajador,numero_socio) VALUES (5,'2019-07-16 19:11:32','€-16,77',5,12);
INSERT INTO ticket(identificador,fechaHoraEmision,total,codigo_trabajador,numero_socio) VALUES (6,'2019-09-05 19:35:33','€-22,05',15,2);
INSERT INTO ticket(identificador,fechaHoraEmision,total,codigo_trabajador,numero_socio) VALUES (7,'2019-06-19 05:43:04','€132,02',19,18);
INSERT INTO ticket(identificador,fechaHoraEmision,total,codigo_trabajador,numero_socio) VALUES (8,'2019-03-24 06:03:07','€49,75',5,17);
INSERT INTO ticket(identificador,fechaHoraEmision,total,codigo_trabajador,numero_socio) VALUES (9,'2019-01-29 07:11:41','€105,68',5,21);
INSERT INTO ticket(identificador,fechaHoraEmision,total,codigo_trabajador,numero_socio) VALUES (10,'2019-01-23 14:59:05','€47,94',16,27);
INSERT INTO ticket(identificador,fechaHoraEmision,total,codigo_trabajador,numero_socio) VALUES (11,'2019-01-06 02:07:07','€15,99',1,17);
INSERT INTO ticket(identificador,fechaHoraEmision,total,codigo_trabajador,numero_socio) VALUES (12,'2019-10-13 21:59:07','€-64,66',21,7);
INSERT INTO ticket(identificador,fechaHoraEmision,total,codigo_trabajador,numero_socio) VALUES (13,'2019-03-20 10:48:49','€151,24',1,12);
INSERT INTO ticket(identificador,fechaHoraEmision,total,codigo_trabajador,numero_socio) VALUES (14,'2019-05-14 19:46:37','€127,84',6,27);
INSERT INTO ticket(identificador,fechaHoraEmision,total,codigo_trabajador,numero_socio) VALUES (15,'2019-02-05 06:06:25','€196,54',25,21);
INSERT INTO ticket(identificador,fechaHoraEmision,total,codigo_trabajador,numero_socio) VALUES (16,'2019-09-23 17:58:17','€27,38',16,25);
INSERT INTO ticket(identificador,fechaHoraEmision,total,codigo_trabajador,numero_socio) VALUES (17,'2019-01-13 12:24:58','€120,47',4,18);
INSERT INTO ticket(identificador,fechaHoraEmision,total,codigo_trabajador,numero_socio) VALUES (18,'2019-08-17 15:21:49','€-84,37',4,17);
INSERT INTO ticket(identificador,fechaHoraEmision,total,codigo_trabajador,numero_socio) VALUES (19,'2019-08-08 00:17:48','€146,87',23,15);
INSERT INTO ticket(identificador,fechaHoraEmision,total,codigo_trabajador,numero_socio) VALUES (20,'2019-07-10 19:15:03','€118,23',2,NULL);
INSERT INTO ticket(identificador,fechaHoraEmision,total,codigo_trabajador,numero_socio) VALUES (21,'2019-10-17 02:56:54','€52,15',2,NULL);
INSERT INTO ticket(identificador,fechaHoraEmision,total,codigo_trabajador,numero_socio) VALUES (22,'2019-10-14 00:05:18','€56,50',7,NULL);
INSERT INTO ticket(identificador,fechaHoraEmision,total,codigo_trabajador,numero_socio) VALUES (23,'2019-06-24 20:52:20','€132,77',12,NULL);
INSERT INTO ticket(identificador,fechaHoraEmision,total,codigo_trabajador,numero_socio) VALUES (24,'2019-03-11 00:59:38','€135,87',16,NULL);
INSERT INTO ticket(identificador,fechaHoraEmision,total,codigo_trabajador,numero_socio) VALUES (25,'2019-09-10 16:07:43','€-19,90',12,NULL);
INSERT INTO ticket(identificador,fechaHoraEmision,total,codigo_trabajador,numero_socio) VALUES (26,'2019-11-15 12:36:07','€105,00',8,NULL);

INSERT INTO producto(codigobarras,nombre,preciosiniva,stock,codigo_IVA) VALUES (1,'Mushroom - Chantrelle, Fresh','€82,01',150,3);
INSERT INTO producto(codigobarras,nombre,preciosiniva,stock,codigo_IVA) VALUES (2,'Energy Drink - Franks Original','€8,21',370,1);
INSERT INTO producto(codigobarras,nombre,preciosiniva,stock,codigo_IVA) VALUES (3,'Apple - Delicious, Red','€63,95',98,3);
INSERT INTO producto(codigobarras,nombre,preciosiniva,stock,codigo_IVA) VALUES (4,'Bagels Poppyseed','€80,06',882,3);
INSERT INTO producto(codigobarras,nombre,preciosiniva,stock,codigo_IVA) VALUES (5,'Towel - Roll White','€46,19',826,2);
INSERT INTO producto(codigobarras,nombre,preciosiniva,stock,codigo_IVA) VALUES (6,'Caviar - Salmon','€19,45',686,1);
INSERT INTO producto(codigobarras,nombre,preciosiniva,stock,codigo_IVA) VALUES (7,'Cookies - Assorted','€23,54',980,3);
INSERT INTO producto(codigobarras,nombre,preciosiniva,stock,codigo_IVA) VALUES (8,'Bread Fig And Almond','€18,43',268,2);
INSERT INTO producto(codigobarras,nombre,preciosiniva,stock,codigo_IVA) VALUES (9,'Quail - Jumbo','€86,01',332,2);
INSERT INTO producto(codigobarras,nombre,preciosiniva,stock,codigo_IVA) VALUES (10,'Wine - Carmenere Casillero Del','€9,83',511,2);
INSERT INTO producto(codigobarras,nombre,preciosiniva,stock,codigo_IVA) VALUES (11,'Veal - Round, Eye Of','€17,09',143,1);
INSERT INTO producto(codigobarras,nombre,preciosiniva,stock,codigo_IVA) VALUES (12,'Onions - Cooking','€93,60',58,2);
INSERT INTO producto(codigobarras,nombre,preciosiniva,stock,codigo_IVA) VALUES (13,'Lamb - Pieces, Diced','€36,28',906,2);
INSERT INTO producto(codigobarras,nombre,preciosiniva,stock,codigo_IVA) VALUES (14,'Spice - Peppercorn Melange','€69,75',859,2);
INSERT INTO producto(codigobarras,nombre,preciosiniva,stock,codigo_IVA) VALUES (15,'Coffee - Flavoured','€2,27',260,3);
INSERT INTO producto(codigobarras,nombre,preciosiniva,stock,codigo_IVA) VALUES (16,'Icecream - Dstk Super Cone','€16,99',121,3);
INSERT INTO producto(codigobarras,nombre,preciosiniva,stock,codigo_IVA) VALUES (17,'Puree - Guava','€70,69',69,2);
INSERT INTO producto(codigobarras,nombre,preciosiniva,stock,codigo_IVA) VALUES (18,'Island Oasis - Wildberry','€68,53',885,2);
INSERT INTO producto(codigobarras,nombre,preciosiniva,stock,codigo_IVA) VALUES (19,'Basil - Fresh','€2,78',428,1);
INSERT INTO producto(codigobarras,nombre,preciosiniva,stock,codigo_IVA) VALUES (20,'Cream - 10%','€42,42',653,2);
INSERT INTO producto(codigobarras,nombre,preciosiniva,stock,codigo_IVA) VALUES (21,'Juice - Happy Planet','€93,76',754,2);
INSERT INTO producto(codigobarras,nombre,preciosiniva,stock,codigo_IVA) VALUES (22,'Bagel - Plain','€62,57',387,3);
INSERT INTO producto(codigobarras,nombre,preciosiniva,stock,codigo_IVA) VALUES (23,'Wine - Coteaux Du Tricastin Ac','€9,77',636,1);
INSERT INTO producto(codigobarras,nombre,preciosiniva,stock,codigo_IVA) VALUES (24,'Salmon Atl.whole 8 - 10 Lb','€59,44',543,1);
INSERT INTO producto(codigobarras,nombre,preciosiniva,stock,codigo_IVA) VALUES (25,'Honey - Comb','€90,82',944,1);
INSERT INTO producto(codigobarras,nombre,preciosiniva,stock,codigo_IVA) VALUES (26,'Basil - Primerba, Paste','€46,23',831,3);
INSERT INTO producto(codigobarras,nombre,preciosiniva,stock,codigo_IVA) VALUES (27,'Plastic Wrap','€8,25',568,2);
INSERT INTO producto(codigobarras,nombre,preciosiniva,stock,codigo_IVA) VALUES (28,'Onions - Dried, Chopped','€8,00',130,2);
INSERT INTO producto(codigobarras,nombre,preciosiniva,stock,codigo_IVA) VALUES (29,'Lamb Rack - Ontario','€58,23',917,2);
INSERT INTO producto(codigobarras,nombre,preciosiniva,stock,codigo_IVA) VALUES (30,'Knife Plastic - White','€90,96',479,2);
INSERT INTO producto(codigobarras,nombre,preciosiniva,stock,codigo_IVA) VALUES (31,'Cheese - Gouda','€8,53',22,3);
INSERT INTO producto(codigobarras,nombre,preciosiniva,stock,codigo_IVA) VALUES (32,'Bread - Crumbs, Bulk','€66,57',605,2);
INSERT INTO producto(codigobarras,nombre,preciosiniva,stock,codigo_IVA) VALUES (33,'Wine - Redchard Merritt','€63,17',615,1);
INSERT INTO producto(codigobarras,nombre,preciosiniva,stock,codigo_IVA) VALUES (34,'Jam - Apricot','€52,89',698,3);
INSERT INTO producto(codigobarras,nombre,preciosiniva,stock,codigo_IVA) VALUES (35,'Sterno - Chafing Dish Fuel','€67,35',277,1);
INSERT INTO producto(codigobarras,nombre,preciosiniva,stock,codigo_IVA) VALUES (36,'Island Oasis - Raspberry','€21,31',610,1);
INSERT INTO producto(codigobarras,nombre,preciosiniva,stock,codigo_IVA) VALUES (37,'Tomatillo','€62,47',69,2);
INSERT INTO producto(codigobarras,nombre,preciosiniva,stock,codigo_IVA) VALUES (38,'Foil Cont Round','€3,82',42,1);
INSERT INTO producto(codigobarras,nombre,preciosiniva,stock,codigo_IVA) VALUES (39,'Pears - Bartlett','€10,83',965,3);
INSERT INTO producto(codigobarras,nombre,preciosiniva,stock,codigo_IVA) VALUES (40,'Beef - Tenderloin','€55,33',328,1);
INSERT INTO producto(codigobarras,nombre,preciosiniva,stock,codigo_IVA) VALUES (41,'Bread - Olive','€24,01',970,2);
INSERT INTO producto(codigobarras,nombre,preciosiniva,stock,codigo_IVA) VALUES (42,'Wine - Charddonnay Errazuriz','€37,77',427,3);
INSERT INTO producto(codigobarras,nombre,preciosiniva,stock,codigo_IVA) VALUES (43,'Sorrel - Fresh','€51,44',607,1);
INSERT INTO producto(codigobarras,nombre,preciosiniva,stock,codigo_IVA) VALUES (44,'Wine - Cabernet Sauvignon','€5,57',424,3);
INSERT INTO producto(codigobarras,nombre,preciosiniva,stock,codigo_IVA) VALUES (45,'Table Cloth 62x120 Colour','€27,77',854,1);
INSERT INTO producto(codigobarras,nombre,preciosiniva,stock,codigo_IVA) VALUES (46,'Sole - Dover, Whole, Fresh','€40,75',214,1);
INSERT INTO producto(codigobarras,nombre,preciosiniva,stock,codigo_IVA) VALUES (47,'Pineapple - Canned, Rings','€81,98',110,1);
INSERT INTO producto(codigobarras,nombre,preciosiniva,stock,codigo_IVA) VALUES (48,'Ecolab - Balanced Fusion','€82,76',306,2);
INSERT INTO producto(codigobarras,nombre,preciosiniva,stock,codigo_IVA) VALUES (49,'Wine - Red, Pinot Noir, Chateau','€20,32',930,2);
INSERT INTO producto(codigobarras,nombre,preciosiniva,stock,codigo_IVA) VALUES (50,'Seedlings - Mix, Organic','€9,24',564,3);

INSERT INTO oferta(codigo,fechainicio,fechafin,descuento,codigobarras_producto) VALUES (1,'2016-05-21 18:25:10','2016-05-28 18:25:10',0.3,21);
INSERT INTO oferta(codigo,fechainicio,fechafin,descuento,codigobarras_producto) VALUES (2,'2016-12-10 08:29:50','2016-12-17 08:29:50',0.4,46);
INSERT INTO oferta(codigo,fechainicio,fechafin,descuento,codigobarras_producto) VALUES (3,'2019-08-30 18:24:41','2019-09-06 18:24:41',0.1,4);
INSERT INTO oferta(codigo,fechainicio,fechafin,descuento,codigobarras_producto) VALUES (4,'2017-09-07 06:34:05','2017-09-14 06:34:05',0.3,25);
INSERT INTO oferta(codigo,fechainicio,fechafin,descuento,codigobarras_producto) VALUES (5,'2017-07-11 10:18:15','2017-07-18 10:18:15',0.6,15);
INSERT INTO oferta(codigo,fechainicio,fechafin,descuento,codigobarras_producto) VALUES (6,'2018-07-03 03:21:09','2018-07-10 03:21:09',0.2,24);
INSERT INTO oferta(codigo,fechainicio,fechafin,descuento,codigobarras_producto) VALUES (7,'2017-12-18 09:45:37','2017-12-25 09:45:37',0.6,1);
INSERT INTO oferta(codigo,fechainicio,fechafin,descuento,codigobarras_producto) VALUES (8,'2016-11-23 19:24:54','2016-11-30 19:24:54',0.5,41);
INSERT INTO oferta(codigo,fechainicio,fechafin,descuento,codigobarras_producto) VALUES (9,'2017-10-13 05:43:41','2017-10-20 05:43:41',0.4,45);
INSERT INTO oferta(codigo,fechainicio,fechafin,descuento,codigobarras_producto) VALUES (10,'2016-07-20 03:26:38','2016-07-27 03:26:38',0.6,19);
INSERT INTO oferta(codigo,fechainicio,fechafin,descuento,codigobarras_producto) VALUES (11,'2017-06-09 20:46:45','2017-06-16 20:46:45',0.3,11);
INSERT INTO oferta(codigo,fechainicio,fechafin,descuento,codigobarras_producto) VALUES (12,'2018-10-20 03:38:04','2018-10-27 03:38:04',0.4,9);
INSERT INTO oferta(codigo,fechainicio,fechafin,descuento,codigobarras_producto) VALUES (13,'2016-05-10 15:02:13','2016-05-17 15:02:13',0.6,23);
INSERT INTO oferta(codigo,fechainicio,fechafin,descuento,codigobarras_producto) VALUES (14,'2016-08-30 19:39:10','2016-09-06 19:39:10',0.4,26);
INSERT INTO oferta(codigo,fechainicio,fechafin,descuento,codigobarras_producto) VALUES (15,'2017-10-15 15:48:26','2017-10-22 15:48:26',0.3,13);
INSERT INTO oferta(codigo,fechainicio,fechafin,descuento,codigobarras_producto) VALUES (16,'2018-03-02 00:16:25','2018-03-09 00:16:25',0.5,7);
INSERT INTO oferta(codigo,fechainicio,fechafin,descuento,codigobarras_producto) VALUES (17,'2019-01-16 17:28:26','2019-01-23 17:28:26',0.2,12);
INSERT INTO oferta(codigo,fechainicio,fechafin,descuento,codigobarras_producto) VALUES (18,'2018-09-12 17:20:50','2018-09-19 17:20:50',0.2,17);
INSERT INTO oferta(codigo,fechainicio,fechafin,descuento,codigobarras_producto) VALUES (19,'2019-09-18 21:50:09','2019-09-25 21:50:09',0.2,47);
INSERT INTO oferta(codigo,fechainicio,fechafin,descuento,codigobarras_producto) VALUES (20,'2019-02-06 03:15:16','2019-02-13 03:15:16',0.3,3);
INSERT INTO oferta(codigo,fechainicio,fechafin,descuento,codigobarras_producto) VALUES (21,'2019-03-02 00:04:11','2019-03-09 00:04:11',0.3,48);
INSERT INTO oferta(codigo,fechainicio,fechafin,descuento,codigobarras_producto) VALUES (22,'2019-05-24 15:25:03','2019-05-31 15:25:03',0.4,40);
INSERT INTO oferta(codigo,fechainicio,fechafin,descuento,codigobarras_producto) VALUES (23,'2019-05-01 16:14:31','2019-05-07 16:14:31',0.4,2);

INSERT INTO articulo(cantidad,identificador_ticket,codigobarras_producto) VALUES (14,1,33);
INSERT INTO articulo(cantidad,identificador_ticket,codigobarras_producto) VALUES (14,2,9);
INSERT INTO articulo(cantidad,identificador_ticket,codigobarras_producto) VALUES (7,3,40);
INSERT INTO articulo(cantidad,identificador_ticket,codigobarras_producto) VALUES (15,4,28);
INSERT INTO articulo(cantidad,identificador_ticket,codigobarras_producto) VALUES (8,5,23);
INSERT INTO articulo(cantidad,identificador_ticket,codigobarras_producto) VALUES (8,6,20);
INSERT INTO articulo(cantidad,identificador_ticket,codigobarras_producto) VALUES (11,7,11);
INSERT INTO articulo(cantidad,identificador_ticket,codigobarras_producto) VALUES (4,8,18);
INSERT INTO articulo(cantidad,identificador_ticket,codigobarras_producto) VALUES (9,9,24);
INSERT INTO articulo(cantidad,identificador_ticket,codigobarras_producto) VALUES (15,10,50);
INSERT INTO articulo(cantidad,identificador_ticket,codigobarras_producto) VALUES (3,11,35);
INSERT INTO articulo(cantidad,identificador_ticket,codigobarras_producto) VALUES (10,12,12);
INSERT INTO articulo(cantidad,identificador_ticket,codigobarras_producto) VALUES (8,13,40);
INSERT INTO articulo(cantidad,identificador_ticket,codigobarras_producto) VALUES (1,14,5);
INSERT INTO articulo(cantidad,identificador_ticket,codigobarras_producto) VALUES (6,15,21);
INSERT INTO articulo(cantidad,identificador_ticket,codigobarras_producto) VALUES (15,16,45);
INSERT INTO articulo(cantidad,identificador_ticket,codigobarras_producto) VALUES (6,17,6);
INSERT INTO articulo(cantidad,identificador_ticket,codigobarras_producto) VALUES (3,18,27);
INSERT INTO articulo(cantidad,identificador_ticket,codigobarras_producto) VALUES (1,19,48);
INSERT INTO articulo(cantidad,identificador_ticket,codigobarras_producto) VALUES (3,20,31);
INSERT INTO articulo(cantidad,identificador_ticket,codigobarras_producto) VALUES (1,21,8);
INSERT INTO articulo(cantidad,identificador_ticket,codigobarras_producto) VALUES (10,22,16);
INSERT INTO articulo(cantidad,identificador_ticket,codigobarras_producto) VALUES (13,23,27);
INSERT INTO articulo(cantidad,identificador_ticket,codigobarras_producto) VALUES (9,24,32);
INSERT INTO articulo(cantidad,identificador_ticket,codigobarras_producto) VALUES (12,25,24);
INSERT INTO articulo(cantidad,identificador_ticket,codigobarras_producto) VALUES (13,26,6);
INSERT INTO articulo(cantidad,identificador_ticket,codigobarras_producto) VALUES (11,1,42);
INSERT INTO articulo(cantidad,identificador_ticket,codigobarras_producto) VALUES (11,2,31);
INSERT INTO articulo(cantidad,identificador_ticket,codigobarras_producto) VALUES (14,3,26);
INSERT INTO articulo(cantidad,identificador_ticket,codigobarras_producto) VALUES (11,4,50);
INSERT INTO articulo(cantidad,identificador_ticket,codigobarras_producto) VALUES (6,5,4);
INSERT INTO articulo(cantidad,identificador_ticket,codigobarras_producto) VALUES (6,6,26);
INSERT INTO articulo(cantidad,identificador_ticket,codigobarras_producto) VALUES (8,7,8);
INSERT INTO articulo(cantidad,identificador_ticket,codigobarras_producto) VALUES (11,8,7);
INSERT INTO articulo(cantidad,identificador_ticket,codigobarras_producto) VALUES (4,9,47);
INSERT INTO articulo(cantidad,identificador_ticket,codigobarras_producto) VALUES (2,10,29);
INSERT INTO articulo(cantidad,identificador_ticket,codigobarras_producto) VALUES (7,11,34);
INSERT INTO articulo(cantidad,identificador_ticket,codigobarras_producto) VALUES (12,12,23);
INSERT INTO articulo(cantidad,identificador_ticket,codigobarras_producto) VALUES (14,13,43);
INSERT INTO articulo(cantidad,identificador_ticket,codigobarras_producto) VALUES (13,14,21);

INSERT INTO descuento(codigo,cantidad,codigo_cupon,codigoBarras_producto) VALUES (1,0.1,1,31);
INSERT INTO descuento(codigo,cantidad,codigo_cupon,codigoBarras_producto) VALUES (2,0.1,2,6);
INSERT INTO descuento(codigo,cantidad,codigo_cupon,codigoBarras_producto) VALUES (3,0.2,3,31);
INSERT INTO descuento(codigo,cantidad,codigo_cupon,codigoBarras_producto) VALUES (4,0.2,4,20);
INSERT INTO descuento(codigo,cantidad,codigo_cupon,codigoBarras_producto) VALUES (5,0.5,5,39);
INSERT INTO descuento(codigo,cantidad,codigo_cupon,codigoBarras_producto) VALUES (6,0.4,6,19);
INSERT INTO descuento(codigo,cantidad,codigo_cupon,codigoBarras_producto) VALUES (7,0.2,7,21);
INSERT INTO descuento(codigo,cantidad,codigo_cupon,codigoBarras_producto) VALUES (8,0.1,8,40);
INSERT INTO descuento(codigo,cantidad,codigo_cupon,codigoBarras_producto) VALUES (9,0.4,9,38);
INSERT INTO descuento(codigo,cantidad,codigo_cupon,codigoBarras_producto) VALUES (10,0.2,10,50);
INSERT INTO descuento(codigo,cantidad,codigo_cupon,codigoBarras_producto) VALUES (11,0.4,11,34);
INSERT INTO descuento(codigo,cantidad,codigo_cupon,codigoBarras_producto) VALUES (12,0.2,12,47);
INSERT INTO descuento(codigo,cantidad,codigo_cupon,codigoBarras_producto) VALUES (13,0.1,13,21);
INSERT INTO descuento(codigo,cantidad,codigo_cupon,codigoBarras_producto) VALUES (14,0.2,14,34);
INSERT INTO descuento(codigo,cantidad,codigo_cupon,codigoBarras_producto) VALUES (15,0.4,15,21);
INSERT INTO descuento(codigo,cantidad,codigo_cupon,codigoBarras_producto) VALUES (16,0.3,16,17);
INSERT INTO descuento(codigo,cantidad,codigo_cupon,codigoBarras_producto) VALUES (17,0.5,17,37);
INSERT INTO descuento(codigo,cantidad,codigo_cupon,codigoBarras_producto) VALUES (18,0.5,1,2);
INSERT INTO descuento(codigo,cantidad,codigo_cupon,codigoBarras_producto) VALUES (19,0.3,2,35);
INSERT INTO descuento(codigo,cantidad,codigo_cupon,codigoBarras_producto) VALUES (20,0.5,3,27);
INSERT INTO descuento(codigo,cantidad,codigo_cupon,codigoBarras_producto) VALUES (21,0.3,4,41);
INSERT INTO descuento(codigo,cantidad,codigo_cupon,codigoBarras_producto) VALUES (22,0.4,5,15);
INSERT INTO descuento(codigo,cantidad,codigo_cupon,codigoBarras_producto) VALUES (23,0.4,6,46);
